CREATE TABLE GBD_PROFESOR (
    IDPROFESOR NUMBER(10) PRIMARY KEY,
    NOMBRE VARCHAR2(100),
    EMAIL VARCHAR2(100)
);

INSERT INTO GBD_PROFESOR VALUES (1, 'SEGUNDO ALBERTO CASTRO SANTACRUZ', 'segundo.castro@campusucc.edu.co');
INSERT INTO GBD_PROFESOR VALUES (2, 'VICTOR DAVID MOSQUERA FERNANDEZ', 'victor.mosquera@campusucc.edu.co');
INSERT INTO GBD_PROFESOR VALUES (3, 'HECTOR FABIO PADILLA MESA', 'hector.padilla@campusucc.edu.co');

CREATE TABLE GBD_CURSO (
    IDCURSO NUMBER(10) PRIMARY KEY,
    DESCRIPCION VARCHAR2(100),
    NIVELCURSO VARCHAR2(100),
    CREDITOS NUMBER(3,2)
);


--DELETE FROM GBD_CURSO WHERE IDCURSO = 707047;
INSERT INTO GBD_CURSO VALUES (706047, 'LÓGICA MATEMÁTICA', 'Primer Semestre', 3.00);
INSERT INTO GBD_CURSO VALUES (706051, 'ALGORITMIA', 'Primer Semestre', 3.00);
INSERT INTO GBD_CURSO VALUES (706123, 'ÁLGEBRA LINEAL', 'Primer Semestre', 3.00);
INSERT INTO GBD_CURSO VALUES (706140, 'MATEMÁTICAS ESPECIALES', 'Quinto Semestre', 3.00);

CREATE TABLE GBD_DIA (
    IDDIA NUMBER(10) PRIMARY KEY,
    DESCRIPCION VARCHAR2(100)
);

INSERT INTO GBD_DIA VALUES (1, 'LUNES');
INSERT INTO GBD_DIA VALUES (2, 'MARTES');
INSERT INTO GBD_DIA VALUES (3, 'MIÉRCOLES');
INSERT INTO GBD_DIA VALUES (4, 'JUEVES');
INSERT INTO GBD_DIA VALUES (5, 'VIERNES');
INSERT INTO GBD_DIA VALUES (6, 'SABADO');


CREATE TABLE GBD_EDIFICIO (
    IDEDIFICIO NUMBER(10) PRIMARY KEY,
    DESCRIPCION VARCHAR2(100)
);

INSERT INTO GBD_EDIFICIO VALUES (1, 'CALBLOQ001');

CREATE TABLE GBD_AULA (
    IDAULA NUMBER(10) PRIMARY KEY,
    DESCRIPCION VARCHAR2(100),
    IDEDIFICIO NUMBER(10)
);

ALTER TABLE GBD_AULA
ADD CONSTRAINT FK_AULA_EDIFICIO
FOREIGN KEY (IDEDIFICIO) REFERENCES GBD_EDIFICIO(IDEDIFICIO);

INSERT INTO GBD_AULA VALUES (1, 'AulaPregrado-401', 1);
INSERT INTO GBD_AULA VALUES (2, 'Laboratorio Redes 305', 1);
INSERT INTO GBD_AULA VALUES (3, 'Aula Pregrado-103', 1);


CREATE TABLE GBD_HORARIO (
    IDHORARIO NUMBER(10) PRIMARY KEY,
    HORAINICIO VARCHAR2(20),
    HORAFIN VARCHAR2(20),
    IDPROFESOR NUMBER(10),
    IDCURSO NUMBER(10),
    IDDIA NUMBER(10),
    IDAULA NUMBER(10)
);

ALTER TABLE GBD_HORARIO
ADD CONSTRAINT FK_HORARIO_PROFESOR
FOREIGN KEY (IDPROFESOR) REFERENCES GBD_PROFESOR(IDPROFESOR);

ALTER TABLE GBD_HORARIO
ADD CONSTRAINT FK_HORARIO_CURSO
FOREIGN KEY (IDCURSO) REFERENCES GBD_CURSO(IDCURSO);

ALTER TABLE GBD_HORARIO
ADD CONSTRAINT FK_HORARIO_DIA
FOREIGN KEY (IDDIA) REFERENCES GBD_DIA(IDDIA);

ALTER TABLE GBD_HORARIO
ADD CONSTRAINT FK_HORARIO_AULA
FOREIGN KEY (IDAULA) REFERENCES GBD_AULA(IDAULA);

INSERT INTO GBD_HORARIO VALUES (10610, '13:00:00', '16:00:00', 1, 706047, 6, 1);
INSERT INTO GBD_HORARIO VALUES (10611, '18:00:00', '21:00:00', 2, 706051, 3, 2);
INSERT INTO GBD_HORARIO VALUES (10623, '18:00:00', '21:00:00', 3, 706123, 1, 3);
INSERT INTO GBD_HORARIO VALUES (10629, '16:00:00', '19:00:00', 1, 706140, 6, 1);

SELECT C.IDCURSO, C.DESCRIPCION, C.NIVELCURSO, C.CREDITOS, H.IDHORARIO AS "No CLASE", E.DESCRIPCION AS EDIFICIO, A.DESCRIPCION AS "AULA DE CLASE", H.HORAINICIO, H.HORAFIN, D.DESCRIPCION AS DIA, P.NOMBRE, P.EMAIL 
FROM GBD_HORARIO H
INNER JOIN GBD_PROFESOR P ON P.IDPROFESOR = H.IDPROFESOR
INNER JOIN GBD_CURSO C ON C.IDCURSO = H.IDCURSO
INNER JOIN GBD_AULA A ON A.IDAULA = H.IDAULA
INNER JOIN GBD_EDIFICIO E ON E.IDEDIFICIO = A.IDEDIFICIO
INNER JOIN GBD_DIA D ON D.IDDIA = H.IDDIA




